{
  "P90_walking_1.touwi": {
    "videoTimers": {
      "signal": {
        "start": 1719238492010,
        "end": 1719238747363
      },
      "video": {
        "start": 45.738981,
        "end": 213.046603
      }
    }
  },
  "P11_walking_1.touwi": {
    "videoTimers": {
      "signal": {
        "start": 1711035669103,
        "end": 1711035968278
      },
      "video": {
        "start": 1.023242,
        "end": 300.483281
      }
    }
  },
  "P02_walking_1.touwi": {
    "videoTimers": {
      "signal": {},
      "video": {
        "start": null,
        "end": null
      }
    }
  }
}