{
  "P11_walking_1.touwi": {
    "videoTimers": {
      "signal": {
        "start": 1711035667025,
        "end": 1711035968578
      },
      "video": {
        "start": 1.290482,
        "end": 298.899585
      }
    }
  },
  "P02_walking_1.touwi": {
    "videoTimers": {
      "signal": {
        "start": 1719238473369,
        "end": 1719238800546
      },
      "video": {
        "start": 34.584239,
        "end": 225.541201
      }
    }
  },
  "P05_walking_1.touwi": {
    "videoTimers": {
      "signal": {
        "start": 1719240656426,
        "end": 1719240868566
      },
      "video": {
        "start": 22.600525,
        "end": 305.154988
      }
    }
  }
}